Age,AnnualIncome,NumberOfPurchases,TimeSpentOnWebsite,LoyaltyProgram,DiscountsAvailed,PurchaseStatus
69,41411.82594619847,16,37.80087983916815,1,5,1
57,40445.517063363,10,56.26301697049618,0,2,0
31,38101.898245287375,19,27.934022465150445,0,5,0
25,139395.43617890312,1,1.64978814180084,0,2,0
27,90753.0155947807,20,51.66636951094185,0,5,0
37,48326.03205314871,14,40.65109988981635,1,3,1
70,102196.67997289318,16,6.83352721709643,1,3,1
61,78319.38202409053,0,13.02157366514668,0,1,0
33,92502.14741250571,8,40.649165968651566,1,0,1
25,29263.374609483617,2,13.278256041185994,0,4,0
52,56684.31971011602,15,54.36271588218714,0,4,1
31,51356.18948794039,13,32.94039566537178,0,1,1
39,71019.5642098324,19,28.97202247469375,0,1,0
43,45897.9857362269,1,24.79849399655484,0,2,0
69,32893.15294633807,15,56.19006464246351,0,0,0
62,83471.34781283117,0,41.67561089840815,0,4,0
58,115925.0480284988,16,4.154064043684271,0,2,0
40,76472.43147085927,6,53.88061157766349,0,4,0
66,117622.17378723135,10,11.157952624606295,0,4,0
50,92821.86385003946,20,51.33456214270396,0,4,1
68,132488.4486581586,1,1.2881834951948647,0,5,0
18,26716.933815534943,6,29.218736383151537,0,0,0
34,37397.68718996011,3,10.656864160053944,0,5,0
54,117167.77285757022,3,19.036426012818826,1,4,0
22,25463.207772282687,2,43.64335188463694,1,4,1
44,65435.82837128644,17,18.07674571377129,0,1,0
61,64964.06989592146,15,27.222016502618423,0,4,0
61,120938.1680449642,15,8.776602963904082,0,4,0
40,118450.32692747706,9,43.45517426021217,1,5,1
55,21290.09674661863,11,54.84336138989204,1,4,1
43,129388.1819010188,14,32.226779440471816,1,3,1
43,102797.30126911662,20,6.023474556808846,0,3,0
58,133454.93256299823,5,58.95310759526028,0,3,0
49,70898.34076311781,12,25.71682421230772,0,4,0
50,46634.56563959264,13,9.218837983766944,0,2,0
38,135492.47740012856,19,5.977882889871797,0,2,0
24,46036.662322791366,11,42.32683706003712,0,1,0
20,69051.34701521507,4,6.361715763809254,0,2,0
64,133283.82444481106,13,29.48843113399386,0,3,0
23,97095.76344428194,13,24.56650446282041,1,3,1
45,67397.1846656802,5,18.33387376860532,0,3,0
19,120009.63617337418,9,43.91969108588111,0,5,1
54,93452.8590716721,2,17.01442099228714,0,2,0
22,141716.4807909605,17,41.604916245056415,1,1,1
64,103828.2385229008,12,53.00320960707175,1,2,1
62,147857.79145297885,5,20.08312845091161,1,4,0
62,76169.99478274549,12,10.731107584311133,0,4,0
27,103956.91021724296,2,32.59243202976029,0,1,0
29,128078.55687014227,12,42.26369971825467,0,4,1
69,74931.29568055281,20,17.879305399844377,0,0,0
29,122498.15462292882,12,18.131351236634178,0,5,1
68,63219.300429332565,20,55.69324544598309,1,4,1
28,114836.06972481158,20,4.121538562969199,0,2,0
63,52441.00598043579,1,37.50607196499877,0,3,0
40,107419.86474325375,15,28.881975329587483,0,5,1
62,108227.09436743344,18,10.39038595563596,0,2,0
66,97875.7963295496,17,54.593550364371815,0,2,1
60,139729.28774255485,11,31.352693629690823,0,4,1
54,21152.22706475096,7,44.37982176210082,0,1,0
37,51457.026941215896,0,34.70864729334379,1,3,1
42,41574.13638845205,16,31.73204852840315,0,5,0
41,102836.19198507644,6,2.130905363973689,1,5,1
52,129451.36368293512,13,23.5912778281975,0,5,0
41,45868.97806472678,6,48.91859565027234,0,5,0
43,66806.56056712719,20,55.59200349279615,1,0,1
65,95397.89236565708,19,19.047793982429678,1,3,1
38,21860.9860967178,0,20.844397876219336,0,4,0
65,65922.68310526834,15,34.861819031255955,1,0,1
29,67976.89282891915,16,57.39828717090276,0,3,1
25,65146.01507396598,6,38.490247321475344,0,4,1
52,79310.74616422047,3,11.409946457750667,0,0,0
36,100720.71377219605,9,22.32774183948691,0,5,1
32,25453.659046112716,15,28.67452491901702,0,1,0
32,61031.5546892355,11,17.70992594477038,0,3,1
66,73432.73978452095,10,47.54776231216068,0,4,1
20,73251.75633638016,19,57.90149859451087,1,5,1
38,117653.14621509436,12,30.68757085602933,1,4,1
18,67898.35958915527,2,51.942370856784265,0,1,0
45,103533.4759395749,5,27.53094165383948,0,4,0
21,85774.52800554111,9,44.50500534980961,0,1,1
54,120704.95905355364,15,30.11099532439032,1,1,1
57,54355.91421062311,12,45.6741580612362,0,4,0
64,59812.97070225952,12,20.700245820066684,0,0,0
55,37596.03069609912,18,42.4228714461853,1,4,1
40,59617.64240019733,2,16.784094784652197,1,2,0
39,126226.65846202608,19,20.842177570411238,0,3,1
43,54787.04797463629,11,45.10326526436613,0,3,1
42,35733.250063075095,10,5.153916381748336,1,0,0
58,85760.85008373777,18,27.507198270442338,1,1,0
19,26090.748108588406,0,53.58752220078088,0,4,0
57,127579.92642369366,16,41.3435038525026,1,3,1
31,128612.42934648528,12,33.43610852469518,0,2,1
46,71476.16144611913,18,36.36215664101236,1,3,1
27,55283.21945807287,10,16.841790117917284,0,0,0
37,44092.92333873288,14,43.924649206578415,0,3,1
33,26258.568677185947,19,12.922775229104726,0,5,0
61,145556.8809499186,13,17.23503663679601,1,3,1
48,72923.84358633158,12,57.31094403894336,1,1,1
69,116017.669557203,9,1.0944700653927009,0,2,0
25,126914.9085768762,15,56.5119144741476,0,2,1
52,46177.29167767667,7,38.35202246327806,0,4,0
35,80147.82865850115,12,40.97033790015843,0,0,1
47,146984.04270638572,5,15.016040859498425,0,5,0
55,45752.69225876621,3,43.179007846560026,0,1,0
33,105058.03180224504,19,36.85892787780634,1,0,1
45,148444.67560022694,13,42.42724914661733,0,1,0
56,106914.44407397884,13,58.35268079299888,1,0,1
48,139273.15960715874,8,6.339282354656138,0,5,0
22,121637.10223484164,2,7.814846103231505,0,5,0
52,112018.56263986992,11,48.23163020247812,1,3,1
56,99951.68584505266,13,33.19445123314945,1,4,1
52,93329.6237483573,1,53.42346402294461,0,2,0
48,129003.93839959324,4,53.7567473583777,0,2,0
32,51451.11844101884,4,32.86467999340955,0,4,1
69,84247.618142539,9,48.33270157487173,1,2,1
22,115866.38993379312,16,37.65236529832987,1,2,1
59,52058.4725471432,19,25.939451602103198,1,2,0
30,147553.1187790983,7,41.22176617432818,0,2,1
42,109457.51179125048,1,5.176694724659292,0,4,0
42,91351.62646005629,6,29.413759272942396,0,3,0
68,103955.40564517678,7,11.15965128599435,1,1,0
31,67812.17840829988,6,49.3060618126673,0,1,1
23,39343.47602266503,13,36.77678090200011,0,4,1
66,69452.07136615325,12,40.177948953567736,0,1,0
43,63450.981430487904,13,3.029789298754036,0,1,0
32,35979.688200500386,11,43.85190652176026,0,4,1
68,52087.1029962473,2,59.01984600717378,0,3,0
19,46608.41417744692,12,31.68680945564128,0,3,1
40,110343.64155732002,20,25.065860304921262,1,4,1
45,99978.5269700314,15,40.62795362887603,1,0,1
69,95685.8370572348,8,57.73515274756371,0,4,1
61,114703.78803100972,14,14.350362714484614,0,4,0
64,39707.35972401292,13,17.190291539022134,1,0,0
66,72194.26106196747,7,58.80840858747535,0,3,1
19,42729.02154385363,0,35.713575663841745,0,3,0
52,78466.17951857019,18,15.770075775501777,1,1,0
28,53070.90550944011,0,18.854767792796544,1,2,0
67,97696.8767513514,11,52.36961662464493,0,5,1
56,95714.94556694204,7,31.282369769656093,0,2,0
23,107940.83183942708,0,59.04036698686971,0,0,0
54,90906.14302289773,3,51.63019657657261,1,0,0
50,100181.86902083036,0,24.70699405750001,0,3,1
42,45381.27838434397,3,51.4496247722116,0,3,0
68,147528.35916114907,5,32.02044986431031,1,4,1
47,123287.02078379731,6,36.63130617607142,0,0,0
28,35405.3410677597,11,53.44245080521175,0,5,1
68,41751.76952013785,19,14.812057233267794,0,3,0
24,125414.2155310294,11,19.450084413346023,0,4,1
40,36167.89187006633,20,49.71060206951388,0,2,0
48,130295.2992817682,19,57.51681246722325,1,2,1
26,107903.08306980642,7,20.97806251764532,0,1,0
45,83010.5173269061,2,13.201062886604504,1,0,0
27,146299.2498171366,8,1.5906142229890494,1,5,1
38,57705.9191551168,5,50.67702815543535,0,4,1
41,84539.94980618896,15,2.7210236451538545,0,3,0
50,136101.72667540394,13,55.20609098345084,0,2,0
69,63486.46753645118,16,56.78419677301051,1,3,1
33,139349.95178588957,12,55.10752998871898,1,0,1
37,65154.632413649546,10,28.06360182438476,0,1,0
20,119588.42094958932,12,52.76127443538911,1,2,1
22,26497.273725758238,6,17.469503860115964,0,2,0
66,117249.51332583916,3,7.326121258300759,0,2,0
23,107292.2893267369,10,32.34086176235618,0,0,1
53,37228.20745644029,14,52.88014333839108,0,2,0
36,51446.19767364907,6,3.044391879027008,1,2,1
32,144744.96376173434,18,58.02697619475345,0,5,1
46,133256.58269419678,7,41.68540086646056,0,2,0
24,82795.1606826557,13,35.98597935707849,1,3,1
22,82842.96667650907,2,43.368002539405325,0,3,1
58,99027.67783179149,18,41.85832675291039,0,0,0
39,65048.14183385337,13,34.59074328252628,0,5,1
24,142778.31575025944,19,45.54856447415479,1,4,1
54,28273.318207263503,14,38.66265384271312,1,4,1
18,61002.896447241656,0,46.83673114408749,0,1,0
49,70394.34470923411,15,32.68792387981611,1,5,1
36,60218.45332216167,1,15.36817199507264,0,4,0
44,131015.05570420487,17,34.124864298054334,1,4,1
50,39355.44654321781,5,4.643980791121782,1,3,0
50,51462.87039751404,11,40.01965825274273,0,0,0
51,49533.34241305693,8,55.148586497171934,0,5,0
30,47756.47762038735,4,6.802350373822574,0,4,0
52,149123.1520049853,8,47.40842477905888,0,2,0
43,76162.46058728578,10,39.71456313713853,0,1,1
55,70438.27879309304,14,36.464378876381865,1,5,1
19,116945.39175506018,17,5.953791243356875,0,5,1
19,34496.58760176593,13,39.704079924533445,1,2,1
65,102495.71428153948,16,1.8480041548888808,1,0,0
51,28885.91604029462,10,48.26867996333436,0,5,0
37,125816.13503578244,14,27.322806130973003,0,4,1
65,140429.73887491127,18,39.95981400033353,0,4,1
47,61817.09865574132,12,8.696633186673465,1,4,1
44,135525.68043450182,3,13.961245869173752,0,3,0
19,28862.400220114163,19,49.6770838294252,0,4,1
51,89590.31708883692,8,7.459967380713268,1,4,1
58,111633.23130563962,8,44.237461899072514,0,5,1
55,115749.57968352304,10,7.630776910013382,0,4,1
57,138251.486526757,15,28.80798585219903,1,0,0
54,127471.95676639336,7,42.75743924871849,1,1,1
18,138891.32630031265,15,21.576913596369213,1,4,1
34,111921.24204467075,11,3.926016984985081,0,3,1
43,118837.67700587754,3,8.367334537449437,1,0,0
50,84002.31240015365,2,44.23976972015001,0,2,0
34,145241.27644776157,10,28.629734895926724,0,2,0
43,114767.53801525614,12,50.4096027952493,0,2,0
46,94330.40576628188,6,45.6358108663482,1,5,1
28,66413.81471610158,8,14.412002193131618,1,0,1
36,111998.52151631904,15,51.67700861015893,0,0,1
66,119516.67686884428,9,42.36750897803256,0,5,1
37,70632.64633731465,20,27.09779202496271,1,4,1
61,118945.79981561056,4,19.62754665645883,0,0,0
63,92623.51153855528,13,55.138441079452114,1,1,1
70,59135.99011846069,5,18.858073412346524,0,0,1
49,145634.26016263297,7,7.207953759052014,0,4,0
38,101457.02644211732,14,57.65286627058666,0,3,1
40,30850.331048619828,7,35.510922744744576,1,4,1
20,44443.215500004095,9,11.46373033792483,1,0,0
62,87062.04735260266,7,21.1278102233613,0,3,0
28,98382.57394233,16,41.41535911312754,0,0,1
50,149406.87710487028,13,12.504807513740166,1,4,1
21,123108.57361957611,11,3.456997318058839,0,1,0
36,117347.42380522985,16,12.308607810986183,0,3,1
21,59545.83355271651,10,12.087631514553928,0,0,0
59,65232.38350568166,11,35.29794016377815,0,0,0
41,30478.196788426205,2,36.26031395226512,0,3,0
52,25838.46886943006,9,2.019994641038429,1,0,0
36,144485.53196089625,19,31.01282450303318,0,4,0
61,47194.11050303062,3,47.76886179811329,1,2,0
34,45300.92653669946,11,38.28092939556623,0,1,0
34,68252.41504689158,20,46.72982622000804,1,1,1
52,135258.5479812607,4,31.327378822714078,0,1,0
60,99682.14572428832,19,22.58805861845065,0,5,0
62,29221.188097390543,14,39.32303455761597,0,5,0
22,123245.65306602095,14,2.093342782065664,0,4,1
69,127377.16765205064,12,27.62582545348076,0,4,0
57,42634.21359343096,11,10.75978897557615,0,3,0
37,37352.39641407269,10,35.11488449217408,0,5,1
29,111152.08200673376,10,7.327563176254918,1,2,1
68,124514.60598182764,5,38.16247161080756,0,4,0
58,122052.1506988174,17,21.254757182548715,0,2,0
28,105716.00988675177,16,26.48737291634301,0,4,1
44,105839.35356117396,8,59.05192546840173,1,3,1
61,79579.08339872534,5,3.452031048063255,1,4,0
41,40809.312544094486,20,47.69041222825027,0,1,0
32,134714.12789295404,7,16.707658588429805,0,2,0
40,122134.71035043016,11,37.69686661553857,1,0,1
70,77257.37554061512,7,25.869159768107146,0,5,0
21,122561.22133088094,8,55.46695399349658,0,2,1
24,77225.86973421377,7,53.57027929506548,1,1,1
52,46909.03519699548,7,30.447410828348783,0,3,0
23,45458.300937455104,3,33.410255545974884,0,3,0
47,73287.63566051747,9,57.5859702946618,0,3,1
63,73773.54773942259,7,4.540483362751696,1,3,1
29,87350.23961104601,18,45.28210566147052,0,3,1
33,129552.54728087214,16,17.481366264942366,0,5,1
64,72557.66714313297,15,55.609397542226034,1,4,1
58,143569.03683620645,20,53.43604449201496,0,4,1
49,57601.82035644509,7,19.670820015474,0,5,0
26,21484.337849029573,9,19.582171653206807,1,5,1
19,30199.256121226117,10,55.99561688705852,0,0,0
22,124870.1575603161,0,4.228136315184757,0,0,0
23,90490.83671394028,8,15.120604906294158,1,1,1
56,24773.77712510675,7,22.24587821614468,0,4,0
38,129766.42075615008,14,41.52954466520711,0,4,1
68,111480.97135177662,15,19.077529103355516,1,5,1
53,95890.46146683452,2,31.53836843817465,1,0,0
30,105610.26703710711,15,11.671596941094846,0,0,0
30,108025.68316555122,0,59.56490735871935,1,4,1
42,27417.11374966306,19,52.26858719623288,0,0,0
64,91064.2686244125,7,5.52072171753996,1,5,1
63,23531.764759322778,8,49.00890597468117,0,2,0
50,49158.15282705586,13,32.589386795176594,0,2,0
46,33178.47668191069,8,51.180187466646935,1,2,0
46,34428.63099775254,12,11.881676244471633,1,1,0
70,85814.58773437636,19,13.078447783049937,1,0,0
64,116317.52729976928,8,50.62533122739333,1,3,1
34,95035.9852754916,14,7.82073102607922,0,3,1
40,87520.16173551185,15,50.80696785362082,1,1,1
51,78415.46646515347,9,47.99065440273076,0,4,1
25,28581.27973823141,12,52.57596636744204,1,1,1
23,118155.45073701616,16,1.4036041407534494,0,2,0
46,35672.59413247973,0,25.49418488738132,0,0,0
60,127807.28391117822,17,44.68231951952016,0,4,1
28,27494.185685873235,11,45.9842267944069,1,0,1
60,111906.9433692431,15,9.568276174999694,0,0,0
57,145451.99802908133,6,25.405029318934236,0,1,0
20,82785.95337109617,14,5.089158609259395,0,4,1
27,20191.596871220485,2,35.20851536484097,0,5,0
24,69282.2263273517,16,10.995921723501572,0,2,0
23,22485.092275869323,10,31.83985778998846,0,3,1
66,124009.22593089074,7,52.24461701636442,0,0,0
45,129459.811875708,1,41.45345320664676,0,3,0
18,118931.03005440097,1,33.43139220573812,1,0,1
31,47872.8427891114,5,40.87766474698243,1,2,1
39,61452.68638174805,11,50.29687324807874,1,1,1
55,78034.53713220567,4,21.115920296913973,1,1,0
64,36992.34897622593,1,43.52278160957405,0,2,0
35,97769.28822828604,1,37.979460645616086,1,2,1
20,63854.92107998205,16,38.57246639277682,0,5,1
64,22512.59201928813,3,58.51142076180437,0,3,0
64,112523.96474698634,9,16.40067510061504,1,4,1
53,134440.9190793605,4,11.344720241234736,0,4,0
30,52154.24105648084,15,18.96686815993161,0,2,0
35,70116.54761579991,4,40.45158220897569,1,2,1
19,21019.406800349185,20,12.682178788145658,0,4,0
18,128120.61567785055,10,31.984079752586076,0,0,1
41,81882.35681793964,7,45.79509979976271,0,2,0
65,36226.70581569028,12,30.7072971665818,1,1,0
64,38477.826093149495,17,6.394149862840845,1,1,0
69,26738.65388556477,14,32.23404665950447,1,4,1
20,129291.393641456,11,56.48933471226764,0,0,1
45,20203.46367489148,16,31.69148185570925,0,1,0
53,83384.25517753996,17,29.72286450453297,0,5,0
61,28540.33166406755,3,40.10435823187616,1,0,0
18,96386.16324422225,6,38.915048177444966,0,4,1
61,44075.42382277083,18,55.75283996703348,0,0,0
20,143199.4433753812,14,39.75209863421849,0,4,1
37,72468.13030700685,2,10.376561243806124,0,4,1
54,66425.75070906537,3,40.20258876850232,0,0,0
35,39506.32641021795,18,17.7440786394514,1,4,1
27,56955.632080577176,3,50.36705148248336,0,0,0
44,109312.50464542156,1,45.08693214433347,1,1,0
66,111592.07564356788,2,27.29581562455804,0,5,0
18,95046.27380030706,5,30.992973766310943,1,2,1
42,96535.09787707156,13,56.91840533989674,0,4,1
51,125070.57730119888,7,15.891701181586924,0,3,0
18,38570.53734910901,5,23.847516844005025,0,5,0
32,88855.76411293058,9,31.749249769898714,0,5,1
56,59513.0321612941,15,11.061744884995328,1,3,1
65,73442.42833809185,13,55.866200050371056,0,3,1
63,76497.47491163254,17,59.621112196333904,0,1,0
31,59425.76918378742,8,44.47276088933874,0,3,1
57,115636.20485109468,7,2.699269652244604,0,5,0
30,131433.30340983788,1,8.40934405989948,0,0,0
25,136978.33493934543,10,11.71625389085049,0,4,1
25,43949.2291009434,14,51.73650213682114,1,4,1
47,78545.62725770364,7,5.656861447266327,1,5,1
62,89021.8981935722,3,30.679581105864266,1,3,1
42,74528.23921445076,19,4.805544762507147,1,1,0
68,104789.15374091142,11,44.06548763786345,0,0,0
69,96162.4224989575,17,33.276716464188084,0,3,1
20,122036.60702449078,17,38.46085407694688,0,3,1
30,132019.8174923549,19,19.2820733151006,1,4,1
70,115856.42006041396,9,19.04299716573617,0,3,0
28,29500.60306351195,18,24.652045972546716,0,3,0
54,96629.01863301064,10,42.63978401118211,0,3,1
33,21964.388947881755,9,38.83467684615532,1,2,0
49,34043.348036989875,9,6.2995056361106805,0,2,0
56,29250.577072546264,18,3.942010013156553,0,2,0
44,23308.20878774761,1,7.047283422163556,1,1,0
47,58647.802739953375,6,47.64348560877816,0,5,0
70,123568.5816348784,5,31.13029608238376,1,0,0
68,137935.35399175787,4,40.669349617999465,0,3,0
23,80098.42293007893,16,18.668005712121023,1,5,1
29,112824.24378069134,20,53.43639654126607,0,4,1
32,144193.50924551068,18,36.533121840258175,0,3,1
36,49670.59725418089,19,35.820075645334896,0,2,0
33,96410.01691208578,14,21.25928958489978,0,0,0
57,63103.41087873519,3,17.947239530515606,0,3,0
53,137989.43033235217,16,41.22534436951882,0,4,1
35,66515.83093476135,5,16.422441677063297,0,0,0
25,143559.69217478845,11,31.5808046233218,1,0,1
64,63577.04615821345,20,25.65515580043897,0,4,0
41,112003.77553477856,18,12.183775003679488,1,3,1
32,143039.34670955272,12,36.29306249637319,0,2,1
28,119388.6133051133,4,39.27537319366832,1,5,1
27,32549.481125407307,19,19.970447521462106,1,3,1
57,31518.61281605828,7,5.456462880257549,0,1,0
40,72373.52674224283,9,30.45102016249704,1,0,1
26,107451.38924715674,19,39.902085849451794,1,1,1
27,78533.05199857574,17,40.66467649827597,0,1,1
25,60735.22928606861,8,21.58335457971213,0,5,1
69,126181.33064573268,1,4.216201504740693,0,0,0
67,40127.71963770358,16,51.17533977305676,0,5,1
61,126478.2568020153,9,37.35479494754324,0,4,1
29,144164.97694792118,8,9.496190211269504,1,2,1
58,95025.9361849817,18,10.14551137758852,0,0,0
39,106829.59984447152,9,44.36654279720083,0,1,1
55,67779.47489789908,20,35.969067931929786,0,1,0
70,144468.2424749525,11,46.72077986605135,0,2,0
45,81989.65088131622,14,2.391926099066956,0,5,0
40,98472.83607271875,20,53.05186978022514,0,2,0
68,145254.9013153865,15,30.607402156890146,1,2,1
68,28970.98703966612,13,36.60084852099451,1,2,0
29,127092.74994876832,7,55.96789573578212,0,3,1
65,143121.7867241075,19,59.53241111089002,0,2,0
59,86588.84970564768,6,3.8366591407005615,0,2,0
30,105378.2882516924,9,5.270974497594311,0,5,1
47,43065.7400310619,7,17.226461576780068,1,2,0
47,63974.77577928479,12,50.56111108332121,0,5,1
47,85963.55203331515,5,37.0446568615252,1,0,0
60,95087.13756455047,16,42.38045005831604,1,4,1
45,124468.45960739958,11,2.8492174626731366,0,3,0
47,145165.34641962335,2,12.150153938299333,0,0,0
25,63184.8343050286,16,9.158707230880117,0,0,0
69,74463.21272437181,3,21.94094085711296,0,2,0
67,110466.88536194433,17,43.108669261925726,0,1,0
70,106972.90385278407,4,42.44191658610592,1,2,0
59,102717.87601730225,9,21.621845268994484,0,5,0
33,32750.7355019518,0,53.69371073802588,0,5,0
34,91825.1257630256,15,22.227575389533847,1,1,1
34,20679.84976057865,15,25.408655882691797,1,4,1
21,115369.86947298226,10,45.434011983600776,1,0,1
23,20017.51009058309,5,23.93181028958608,0,5,0
67,102252.54423731811,14,44.49593419070698,0,5,1
21,144531.43573738018,19,35.548116316349365,1,4,1
58,21580.380292060287,7,7.80877459955008,0,1,0
45,122766.27325573504,16,38.295223278492365,0,5,1
64,132261.17792689087,13,35.30578292778883,0,1,0
25,40658.061797015966,18,4.287951156358083,0,4,0
40,145714.585783299,15,17.809881900593712,0,3,0
56,38271.885785186896,13,42.48878730175373,1,2,0
25,117289.96545791008,6,48.329977521315534,1,5,0
62,105931.85305215164,14,48.20900625511329,0,3,1
67,80311.07898560326,18,32.979597110316405,0,5,1
23,126812.79670236132,15,17.17567822266571,0,1,0
56,24884.24175185796,14,34.29272660227248,1,1,0
64,90031.23373385285,4,9.723293833880644,0,4,0
20,68326.10833782294,19,13.52437340184535,0,2,0
65,81396.63454118762,20,45.26603793883453,0,2,0
31,53740.431812891744,9,2.041064450537745,0,0,0
46,84195.82525940074,12,13.355642578489402,0,3,0
56,36321.52791914494,14,42.01206914080027,0,5,0
39,103502.31836767956,19,47.40383709815921,0,5,1
23,88561.95087594792,17,57.82255372297035,1,4,1
22,87622.08600039766,2,24.942913439816024,0,2,0
44,49607.465693417245,5,13.334429598071104,0,5,0
41,77725.68739628638,1,52.22398147095976,0,3,0
64,35098.06482606833,7,12.47334763175651,0,5,0
40,66120.26793867795,8,30.56860115599193,0,5,1
30,116446.52250463296,12,49.26814593098315,1,2,1
41,27551.95377044547,14,7.884658076218089,0,2,0
65,129114.0040062803,12,57.814521684269145,1,0,1
36,27611.620801717298,4,18.692581838199832,0,2,0
18,47643.7689282425,15,7.269688382751354,1,5,1
21,46342.24243759461,0,35.046778668316456,0,2,0
41,119377.29464981557,18,33.798809007384904,0,3,1
61,75731.26272823637,8,15.374675591389392,1,4,1
42,48710.86178519116,13,53.05013849639244,0,0,0
27,33549.2243650852,8,30.115319886299783,1,1,1
70,86224.87665947266,13,56.32202617637893,0,2,0
21,119595.0712634262,14,44.35094686996532,1,4,1
40,57363.24754052536,7,12.20603320759119,0,0,0
53,93069.46327233424,12,44.39322491166161,1,0,1
41,28095.50376464513,10,25.068331283702623,0,0,0
62,70250.26588699361,16,39.09015649223871,0,5,1
51,98454.10248563922,4,22.03992585958878,0,2,0
45,145586.17566672806,13,44.05646018284719,0,2,0
59,51043.507479600106,12,40.66854779092903,1,0,1
42,37093.58558673761,8,46.26947147342218,1,4,1
34,102069.98190195853,16,41.1183308952732,1,5,1
64,84680.1807789933,2,34.02794760860609,0,1,0
61,58943.5381340036,12,37.72017995691728,1,1,1
60,56120.8608916626,12,52.792991349977285,0,0,0
64,29477.23859782745,6,2.9385451666833844,0,1,0
47,145909.85312098596,14,18.13172453667521,0,3,1
34,102767.05868173696,12,57.28226839905812,1,5,1
34,20418.37426855623,9,54.45995479214512,0,0,0
54,30322.856003593835,10,5.665485237622239,1,4,0
55,100546.61386977928,6,9.12631183438071,1,3,1
35,97367.1177377386,14,40.06459772268257,0,1,1
44,86086.8710991164,16,28.9704995823636,0,3,0
68,137794.43027722463,4,41.775246333177215,0,3,0
52,99401.40923984988,12,43.66037040215946,1,0,1
48,66830.40944405562,0,17.919245775915137,0,3,0
41,52288.91384807402,5,6.975291306029376,0,4,1
49,52068.25238781099,9,28.00688521280659,0,3,0
45,130580.08751934792,17,6.926995431177137,1,2,0
70,131563.01691043132,5,1.9392957685051175,0,2,0
57,135943.3788253955,9,13.191947908610612,0,3,0
49,97118.80411395997,0,52.05237899286045,0,1,0
69,39168.82847181692,6,49.002919988674,1,0,0
43,25514.89876689592,20,57.76955670040149,1,4,1
48,35383.70482004035,10,53.03655775329584,0,3,0
59,130046.86402973614,10,26.06221714992699,0,3,0
45,65808.74305925507,14,22.164894153219823,0,5,0
35,132525.02893119177,4,59.51807575535419,0,3,1
26,53107.18086598665,14,48.74249341574773,1,3,1
66,43317.40866158736,3,51.85063379193269,0,3,0
29,77530.91692591693,10,56.03350551445959,0,3,0
39,115006.72544749489,9,2.665496819391676,1,1,1
39,140524.38175159553,13,53.38243743297993,0,5,1
28,20496.589945615804,9,36.85345282199785,0,0,0
23,142681.2070666287,12,25.50042481679641,0,2,0
47,95178.79192464688,19,27.928392943033035,0,5,0
32,58387.76422623263,15,36.43579112204377,1,5,1
68,41547.47137662027,10,56.02574193419581,1,0,0
52,28664.765272889694,16,47.54669441298389,0,5,0
60,28128.418446569947,18,10.839091863488829,0,2,1
40,61115.11946480988,11,3.121979616591356,0,3,0
37,111293.63958411636,18,31.78099628064818,0,4,1
19,118721.77411433528,4,13.845769029135232,1,4,1
62,67931.93221242339,11,58.26272557298126,0,5,1
65,56305.89149907336,11,36.669872505236285,0,4,1
64,63629.35905507955,18,23.77985214141157,1,4,1
51,30094.413507308655,15,40.28560820676036,0,1,0
35,104039.63641293097,1,16.245166224351834,1,5,1
43,43981.91290737312,15,2.1268527618698245,0,2,0
56,72387.42323947098,16,5.42264256473077,0,2,0
30,64611.75591244557,12,40.71356953934719,0,2,1
48,78661.11474352845,14,41.66170321522348,1,4,1
22,99634.55088482649,17,14.043221616025518,0,5,1
19,137376.34937495834,12,7.494351850682374,0,3,1
69,56721.41542810048,16,56.53166695312044,1,2,1
33,79662.26715758664,4,36.7930302567762,1,2,0
58,109475.6506514308,14,2.045117185953952,0,1,0
30,85709.16532835849,5,10.65337283581075,0,5,0
62,25060.89523233677,13,26.599394860643287,0,3,0
34,84570.40496633305,16,30.051703793055808,1,0,1
66,130794.3036708536,16,23.61988395428791,1,4,1
63,71874.59129351651,10,43.54624261077121,0,1,0
37,104411.90219499462,3,5.621296253803888,0,5,1
56,73059.71981267075,2,10.880758942452507,0,0,1
54,120311.498427219,9,51.22440887436156,1,2,1
30,51183.634658272815,17,27.74278018454626,1,0,1
64,74145.57614750427,15,58.776534192866464,1,5,1
62,86645.11790885688,6,58.72151765295762,1,1,1
31,76895.97265926645,10,16.574555662879966,0,1,0
33,58989.48449590801,16,43.98958431669705,1,5,1
69,134136.66165785905,0,26.768711252977425,0,4,0
49,128815.3462815822,11,54.592485404337566,0,0,0
24,149332.62123206974,8,1.7031609957162834,0,0,0
22,55799.55265320441,9,54.27864453607589,1,1,1
34,109403.8655159729,11,25.41024095723946,1,3,1
64,146645.27769612643,15,49.29700059201337,0,2,0
31,102692.4860332405,0,40.28401883145989,0,5,1
25,122206.73479393752,10,52.49698381504589,0,5,1
30,22281.80723766176,12,46.37735686693065,1,3,1
19,54950.95686968516,17,27.7986507661496,0,2,1
29,145204.9645065926,4,47.2720066590963,0,4,1
27,65252.42711187745,19,56.72335758504024,1,5,1
24,135300.23702720503,13,7.063326316337125,0,3,1
62,79704.4756325178,16,19.883346886232168,0,2,0
46,31968.70819072181,16,15.333776339535593,1,1,1
51,34832.45203543134,14,29.297880707923028,0,0,0
38,38203.132681931296,1,10.412857444616993,1,0,0
66,56488.81801707666,13,30.957376959897196,0,3,1
21,28796.887047000208,14,59.76362529694128,0,5,1
43,86607.29108095278,14,40.27337953693163,0,2,0
46,59820.75484116765,18,4.000351994513446,0,3,0
27,149716.71123865718,16,48.0428715333478,0,3,1
22,113951.9045007697,2,18.655656736349467,0,1,0
62,60458.27435824117,20,43.35436425256378,0,1,0
69,46524.632501756845,7,11.263692374077309,1,1,0
63,52182.77013638523,7,1.914396267745228,1,0,1
47,142815.71364180034,3,25.44529382719225,1,2,1
64,131245.8436577522,15,43.83761823768599,0,0,0
38,27511.472929527663,4,9.24184998357338,0,4,0
55,76809.46513653072,3,31.50337070937281,0,0,0
61,39763.23090672425,5,19.108933305892723,1,3,0
40,144549.55241551943,18,38.180330008335446,1,4,1
58,104626.55072962404,1,59.88066987793736,0,3,0
37,74954.7227962112,15,3.911624258147855,0,0,0
28,110430.3590445849,6,42.82889176030288,0,4,1
60,137318.92994715943,11,10.982980048957856,0,5,0
68,99988.74325907428,7,45.98950822875655,0,5,1
49,145330.19414371406,14,51.42582744167155,0,5,1
63,136218.66230102314,4,13.569083870752587,0,0,0
32,60272.4216971829,18,7.2704321826616125,1,3,1
69,27519.77842813088,6,39.46021752520875,0,5,0
68,27561.29341571185,6,7.049222695440282,0,0,0
30,71611.95536083492,20,38.68168553110391,0,5,1
59,77136.51952227831,6,54.91870112898598,0,3,1
21,87334.86860263527,4,33.49073899676816,1,4,1
49,74308.92730576296,13,56.13079279370831,1,5,1
41,64051.8844140377,18,16.152972225785927,1,0,0
26,123071.07447439912,11,16.208930804035486,0,5,1
67,28775.33106889685,18,17.625707203046694,0,1,1
18,128374.49505188612,0,16.768262423676642,0,4,0
68,98250.04603196713,10,40.68601626808061,0,5,1
45,147010.90407706265,2,52.76703337831367,0,3,0
70,29828.6552801776,14,44.85437403822052,0,3,0
63,116261.89715395748,12,44.07768107880907,0,4,1
62,62288.36742299405,8,11.599760984373914,0,0,0
66,141127.98352626612,0,1.1288644285776774,0,3,0
43,46739.34408542216,10,37.20730807599587,1,1,0
68,118640.91298845228,13,11.475917263080143,0,5,0
47,52630.17982409903,13,11.494907932177089,1,5,1
50,39521.97010621542,6,13.846005081293075,0,2,0
49,143685.01870992358,9,58.42862740298495,0,0,1
27,101233.63294890986,9,50.25906627349909,1,2,1
69,27975.45152438686,18,4.368565936568679,0,0,0
52,57492.70691643695,4,5.526680567905345,1,2,0
52,77639.40186929441,20,43.76243152254478,0,1,0
22,86465.81008609766,20,53.63147275237195,0,3,1
18,54456.03568225052,13,4.271268906526643,1,2,1
69,32088.78317700718,14,9.473661306060158,0,1,0
29,21521.859395017527,3,33.853482986724224,0,2,0
56,69481.02815195541,17,11.065466352677015,0,0,0
47,85081.15484915432,7,18.001706850153127,0,0,0
57,68324.12863230462,15,51.60808460137574,0,2,0
18,111861.88308423223,5,31.027565079547887,1,3,0
44,126873.41087802932,7,23.24345500556593,0,4,0
64,23067.345403918785,4,47.13402220750432,0,0,0
70,124576.83699833564,3,8.41132117621792,0,1,0
60,87787.93957566663,7,37.61285397438406,1,5,1
53,55985.86001286975,15,53.24800717155225,0,5,1
56,108429.61129708592,20,29.53090055652818,0,1,0
60,135733.54689231428,1,46.10952756180639,1,3,1
26,57555.04205819154,7,44.99829028720018,0,2,1
67,38456.358668929206,18,51.33737292321023,0,0,0
57,117678.76118377592,10,30.93599614002427,0,4,1
65,124661.74140443616,11,14.46178891130344,0,3,0
67,102433.52407892307,8,34.424571769681975,1,5,1
42,111726.1621436972,14,36.80078085345887,1,0,1
20,148048.65529831377,15,21.1466949898981,1,2,1
53,20715.753890854707,11,23.981445530779112,1,5,0
54,86646.80437433414,10,12.741666370496109,0,2,0
35,115250.87657673644,13,22.019425478784584,1,0,1
34,21573.40518089397,0,16.762750492691403,1,5,0
50,49396.29306245735,14,59.89350821418935,1,5,1
40,49200.02953970075,1,6.120194289834439,0,2,0
34,133648.92820907285,4,1.0748165380139243,0,2,0
32,140405.22889613165,9,21.015003091203152,1,2,1
19,100078.10853382328,11,54.84369658610351,1,0,1
69,125530.07245171788,14,25.985438545710632,1,4,1
70,59690.387970575066,2,46.616893813070575,0,4,0
45,72980.59403421602,3,23.34177838839423,0,3,0
22,56597.755793940894,16,14.827835349994656,1,1,1
50,32201.447027036305,16,32.43798080471233,1,3,1
22,147050.02803889549,2,29.4551881157764,0,2,0
66,90659.968254544,7,50.89288340584086,0,5,1
24,141252.36605725897,8,19.27426168781471,1,3,1
31,112716.8948267403,6,36.86390662077785,0,3,1
31,124452.756628595,5,14.5933092193593,1,2,0
41,61179.018018778464,11,40.37257913039391,0,5,1
67,33135.95543138407,14,30.5613739820916,0,4,0
51,142554.1614822346,18,46.263072388494585,0,1,0
45,145322.2629253013,16,34.37060813713456,0,0,0
32,88939.27732239058,18,31.73226117934007,1,1,1
66,143685.8753470382,14,52.594031093734905,0,2,0
66,118928.7988036522,16,41.05435289413832,0,2,0
61,90303.18814812075,7,57.68893560773112,0,3,1
36,144947.6131029871,12,26.151565326802128,0,4,1
70,44197.666707935234,4,16.593685413651542,1,4,0
33,33246.01044858176,13,39.84557612724547,0,1,0
51,49383.769716079965,1,29.718311852786616,1,1,0
64,74941.7956117692,2,49.6318111694496,1,2,0
19,68792.88802954825,14,4.168127637359103,0,3,1
26,29370.96367982754,10,14.11468323167653,0,2,0
52,48869.86319013168,15,13.878118728108133,1,0,0
21,115255.35172220146,17,42.83850429767031,0,0,0
60,28149.65081084256,10,31.93458136206714,1,4,1
25,76266.080287231,10,19.039611523230107,0,0,0
46,108414.54510810644,8,18.25838620012083,1,0,1
37,122360.31347780328,17,10.067364012627564,1,5,0
56,60865.51471388729,2,42.10853408118886,0,4,0
25,59608.288082745305,15,39.59900725971176,0,0,1
57,71740.68808408537,12,40.69672742492697,0,2,0
68,104526.14201175992,8,42.272521199315904,0,0,0
38,30549.39320971109,0,54.24998477573424,0,2,1
50,95764.88856085364,12,52.92912924170528,0,5,1
66,69946.87268815402,10,30.7308684974554,1,4,1
51,85676.88056496296,7,8.04748415389286,0,5,0
33,33082.87220805933,15,7.901999736730198,1,1,0
19,107485.6609112762,7,28.26032122753378,1,4,1
22,132393.2692379471,6,44.12961059922951,0,5,1
27,145689.9149739071,18,22.548447649156035,0,3,1
28,64992.96444991212,17,21.519161779884342,0,1,0
46,55076.69361666786,5,45.41800103039165,1,1,0
38,30519.506796662783,4,59.89379455227144,0,3,0
39,71367.01798949542,3,36.02526652133429,0,5,1
52,80332.3707289555,4,52.55388673477296,1,5,1
47,47559.22711082555,17,15.200213793827238,0,5,0
62,101074.3411777346,16,6.493322233995015,1,5,0
66,85078.46425011198,1,4.869165286151542,0,4,0
22,37476.56682305584,2,13.2883828340592,0,3,0
24,101106.458717913,16,16.0012904983469,1,0,1
53,90593.19591449622,16,19.360489530436546,1,2,0
27,120479.79264389497,19,15.743368779423108,0,1,0
44,146500.16118640327,13,16.025039499514364,1,2,0
24,35990.42836608693,11,3.1960805695904204,0,2,0
36,68244.68199591662,19,1.5557715023742742,1,3,1
24,98139.64168403028,11,37.69426729164584,0,5,1
64,145821.80452985398,1,16.27873469647354,0,1,0
50,92885.81227410222,0,4.727802714753363,0,2,0
68,128657.37062836708,15,35.70047869704629,0,3,1
22,106640.19617848864,10,59.81165504805239,0,5,1
59,115477.71116982689,18,49.05934751469666,0,4,1
46,135971.0095622305,1,20.38566733120536,1,1,0
62,139162.58065935696,14,40.20100340896799,1,4,1
49,57370.01643664252,5,1.2780331058122285,0,4,1
20,76422.72645213865,13,41.93871558397535,1,1,0
46,148031.59235912186,19,32.592763900888954,0,4,1
27,55132.19997700182,12,40.22426145225998,0,4,1
35,53775.71713685445,18,24.39884388879345,0,3,1
52,40534.12696859524,1,54.28825075264435,0,2,0
52,104713.16886204596,15,33.684227042818215,0,2,0
47,125446.09009135122,4,16.096479907920553,0,5,0
24,98084.63865128628,19,4.63880043363649,0,0,0
59,92768.23887298974,3,1.037023481078914,0,5,0
68,74443.13147964099,8,8.388571512096057,0,4,0
22,112331.5638210305,13,54.26921338249686,1,1,1
65,124343.63027344237,16,21.751486569393485,0,5,0
51,34635.45075355181,19,8.297760186211882,1,5,0
42,103574.648307632,5,32.1379618548504,1,3,1
30,55849.7838726764,5,55.04016278815807,0,4,1
36,74837.66321004808,18,19.617654992143542,0,3,1
32,79756.43315234597,6,23.89544998139646,1,3,1
43,145381.9650071055,13,24.579822123059465,0,3,0
61,109107.7048188472,13,4.43483321244504,1,4,1
36,64278.54165556792,19,18.873764905514957,0,0,0
33,124648.56995850008,4,22.28757237130215,1,3,1
58,134850.4191881879,12,33.37801169651769,0,3,1
31,58407.82107206463,8,52.846044896938864,0,3,1
46,142940.7591100367,12,22.60067395779632,1,3,1
39,141979.62639830273,3,13.417120658415522,0,1,0
20,83318.04944646166,2,16.050512537110386,1,0,0
32,77122.64866027879,14,8.35228872815836,1,1,1
31,34265.70582807546,7,16.363783418486598,0,3,0
25,137252.2255773895,7,31.012353090360666,1,5,1
68,136365.30629184973,6,2.947704218119308,0,0,0
68,30007.330718445613,19,9.673882339086935,1,5,0
25,94019.05695369677,0,9.779714156572386,1,1,0
69,98875.12421326674,4,2.2424092298228824,0,5,1
20,23579.773583030517,4,38.2400966055442,0,5,0
57,112561.8226430015,8,18.0590663867069,1,0,0
70,67049.59880892246,2,21.895097608810204,0,0,0
19,113383.05279836051,16,23.566583174373065,0,1,0
62,139460.4493731421,10,21.16318169722971,0,0,0
28,37455.73061729582,1,26.306218610128905,0,0,0
50,44510.27874740265,17,20.216430483084437,0,5,1
45,79846.57525625042,3,17.280980861274067,0,1,0
19,132592.4323695199,20,25.88796029583655,1,5,1
18,33697.43989261134,9,14.7236278667766,0,3,0
48,102674.1119312847,3,25.017529983359832,0,0,0
38,111330.2651995249,15,22.20841268938267,1,2,1
45,31022.96208595442,16,55.34748893066967,0,2,0
29,92161.0434092972,12,3.725592508896101,0,5,1
67,73836.86782876051,0,35.36949286900342,0,1,0
20,31607.638188324483,19,38.20280582364252,0,0,0
37,58130.11940147341,9,54.21266473318444,0,3,1
20,119999.00921895738,12,12.603366711028128,0,3,1
68,64874.98710424737,9,42.14942186169406,0,4,1
52,116034.00959445364,0,21.42040150970005,1,3,1
44,90784.60468350246,15,46.44349717334252,0,5,1
30,71294.88982769403,2,29.53775856566084,0,3,0
40,31322.05968345029,20,9.333378183566882,0,2,0
63,85623.42777958866,18,11.657565178537604,0,1,0
29,58153.54701705581,16,59.991105424697615,1,3,1
19,106658.0622760605,19,1.2309322383880477,1,5,1
46,86625.34434014311,7,58.83541126117345,1,3,1
42,120508.4436094273,20,27.334920186365636,0,3,0
29,110297.4055429271,19,20.528524908600776,1,3,1
56,40079.76713903209,0,9.355417454210416,0,5,0
53,29230.99638932321,19,30.10356881297504,0,0,0
69,126312.09288140286,2,34.832477695984004,1,5,1
65,131818.16013542656,0,14.021245412334771,1,1,0
59,69454.6009759831,14,57.93078748860773,0,0,0
41,28476.596863863968,2,13.809090538723533,0,5,0
28,141304.7330746625,0,17.35151676052823,0,1,0
54,114467.22896914204,9,17.626043673393056,1,5,1
38,56530.58485813277,9,43.55224358243608,1,5,1
50,115876.0867296709,10,53.80951699054886,0,4,1
39,91438.8396663522,3,56.86593158412039,0,1,0
61,81997.0138408361,1,36.99255738200734,0,4,0
35,132680.14608578006,13,43.77094065365753,1,5,1
66,127577.4598738194,14,26.180631959441243,0,5,0
59,110170.34747159338,12,26.141219887376646,0,2,0
59,129174.29713263024,2,12.34843542608099,0,2,0
50,145159.8855329168,14,21.393759196969697,1,0,0
53,139699.65910023646,6,48.71878541836895,0,2,0
40,56238.78341389189,2,19.34941321658236,0,1,0
31,91982.49309654144,8,15.01167649936979,0,3,1
51,85052.14894232617,12,30.481310586691347,0,4,1
56,123728.84075006624,9,3.9212451524353193,1,1,0
39,55715.09831753754,16,55.67326767932533,0,3,1
58,148935.29367541726,10,53.99064024438594,1,2,1
37,105301.0388985393,3,53.33552192237075,0,2,0
63,130496.79829248606,1,7.11456686236694,1,4,0
23,23035.77252266417,17,53.42988471635452,0,2,0
53,30017.576287463053,14,35.3520094793526,0,4,0
35,106630.10376516684,8,54.55729721423304,1,1,1
31,139371.08126780682,6,38.71843288726199,1,3,1
19,140799.646972141,17,41.4268857724221,0,5,1
27,106996.0341819502,1,58.884759846297065,0,5,1
66,92049.44683716216,14,5.530945372917306,0,4,0
37,101842.50059592575,16,17.34032246935198,0,1,0
19,100768.01837644933,11,46.00802623844226,0,1,1
62,93492.9330943093,0,26.36083551484617,0,3,0
64,130545.2401455864,18,40.64659213769602,0,3,1
42,76224.72418291715,9,24.479660436464677,0,4,0
21,28144.916449196087,16,38.58806744242821,0,3,1
36,27738.21104521032,1,22.334831787097983,0,0,0
46,38573.87497412352,9,58.25587438416175,0,4,0
62,77920.41303644583,20,24.27851662760101,0,4,0
67,110024.06746699927,8,31.66141683787224,0,5,1
38,132143.26124939328,14,42.5463578154867,0,4,1
26,110354.57975161192,9,43.22841965823692,0,2,1
52,144359.90074084955,9,8.70968519438248,0,5,0
41,129313.30532536992,12,40.697069705305374,0,1,0
20,111709.9079368532,0,30.840597198283444,0,0,1
37,133095.99075419904,14,16.15794279684531,0,2,0
68,80311.22326948371,14,19.080097856464334,0,3,0
19,23144.929305876183,19,26.68227072707041,0,5,0
52,107622.58947764304,19,48.29082818242545,0,1,0
60,122703.95671991796,20,36.57068007372068,0,4,1
28,146829.32611178892,6,2.277088119472032,0,3,1
59,126929.52326994558,19,43.92621909049984,1,2,1
56,29322.54555019463,16,44.93122158182148,0,2,0
47,41550.69022122584,12,55.578808830376246,0,1,0
51,144345.1817789324,20,15.949384530930734,1,3,1
38,49299.56484087955,8,49.249517404775744,0,0,0
37,122519.94540741284,5,21.34141624709257,0,5,0
50,138026.84319135052,10,48.37919248528083,0,4,1
28,90853.499456602,8,14.193144567767222,1,0,1
64,92958.96247672824,19,31.040319968193558,0,3,1
32,113515.97090799062,5,55.13514878118434,1,2,1
18,147548.68513293687,6,52.66998979269017,0,5,1
19,24590.47614223108,1,14.971057541914629,0,5,0
34,146881.79702629778,2,11.455688355848729,0,4,0
30,130105.95104691786,16,27.17509917911577,0,1,0
44,68075.72327833297,9,33.97824117595224,1,2,1
66,114751.9874950931,17,10.083831081323728,0,4,0
50,41425.926044826825,6,29.865092824238697,1,2,0
33,79564.29527592604,3,26.970639393134395,0,5,0
23,85899.6569350385,13,10.258119050196402,0,2,0
54,97162.92159924218,11,32.24478816204781,1,1,1
44,99108.54545054064,11,57.9048052764074,0,3,1
38,39662.08773554149,16,58.39780536094132,1,1,1
40,58549.62556739518,8,21.695879757608417,1,0,0
27,87789.75303379135,11,17.74881271385208,0,1,0
52,69898.28375129572,12,43.32499366971543,0,4,1
25,96745.19975964048,5,37.82269178269361,0,0,0
39,143600.45200507395,19,5.721077915703081,1,5,1
48,138727.3031849108,9,13.71525859531836,0,2,0
67,21081.59248953496,3,48.48513622049185,0,4,1
61,33701.11835401468,6,27.8523296309334,0,2,0
26,84856.43638967245,7,48.1105703328951,0,1,1
20,106292.6592028266,17,3.9973527916475926,0,4,1
53,99329.26943209337,3,54.79194305215633,1,0,0
70,109222.53556919268,20,33.69707140928268,1,3,1
46,132847.36971396854,5,28.37602526358915,0,3,0
51,134071.10606508263,6,23.843813175200125,0,5,1
64,98493.4088834204,5,24.97869391912613,0,1,0
27,52903.200093349136,3,8.81566828705343,0,3,0
50,109555.0892665118,20,1.2184420031125942,1,3,1
35,107883.41744683115,17,23.13086491378265,0,5,0
47,75279.6641069002,8,51.850939535977176,0,4,1
56,87768.48619503806,4,22.018743781623023,0,3,0
58,81820.98487328747,14,55.25845957365638,0,0,0
37,45600.34157894569,0,31.866322047552973,0,0,0
39,55921.48410056097,17,33.41628812502245,1,0,0
28,91035.94109012016,18,20.38765602931072,0,4,1
25,83421.02571042711,14,27.003603423971548,1,5,1
43,33234.4787834398,20,51.35446763895064,0,4,0
54,81267.3317617614,6,35.47935937377799,0,0,0
53,124637.88098938702,5,49.434233603167016,0,4,0
59,24682.44637788543,4,45.1082305578671,0,2,0
52,87393.04285287653,2,46.699752907287525,0,2,0
28,143620.71728533128,0,25.581526207411283,0,3,0
21,73640.83931032108,3,31.359145630549605,0,3,1
48,26647.59958747309,18,1.9033246109874205,0,4,0
66,124832.47024026912,11,39.3566801817336,0,3,1
40,114116.4972105922,7,30.5171406020126,1,5,1
50,137836.86893477343,9,54.02139439160717,0,1,0
38,89214.68869577823,5,9.81673925257936,0,3,0
45,143075.38476004143,1,41.78680439077851,0,1,0
28,118670.68672785105,19,56.17435577022065,0,5,1
43,144512.67412846652,18,46.98949799618718,1,1,1
36,127701.0089283852,10,53.35905975439678,0,1,1
61,114517.37901000072,12,30.98195957429383,0,0,0
56,115299.26848385773,1,35.196206917347766,1,5,1
57,131153.92621059157,20,31.169006297971837,1,1,1
55,127216.620855111,16,47.92198309381337,1,1,0
34,104649.18603461764,14,28.998116659354817,0,1,0
53,100904.624400242,10,18.54620659165739,0,4,0
65,124199.82454478864,14,59.69172231986046,0,5,1
29,26264.181611128508,10,14.005835208664225,1,1,0
20,73223.56933621239,5,1.8863299768534116,0,1,0
65,100913.77340357956,17,56.92394307794506,1,4,1
61,118307.769813523,20,29.54714823196017,0,4,0
51,129174.20886637548,13,21.808776090014348,0,0,1
25,58389.19208433826,14,2.527868144719624,1,5,1
65,28899.633513365145,1,1.1717913521935357,0,1,0
32,80002.47167457268,9,41.15307930219143,0,2,1
36,113965.85941710288,10,32.4651933850657,1,5,1
63,124000.4526292786,10,1.57698343803995,0,3,0
57,50546.54264947386,12,26.222945897966326,0,5,0
26,129928.56718868788,9,28.90644502819101,0,3,1
57,147208.31089058827,5,41.69959788096061,0,1,0
61,71826.1936104007,11,6.724074875988277,0,5,0
50,90082.29185568112,11,46.92201451498596,0,3,1
64,21177.041005448227,3,27.88191130595681,0,3,0
36,20567.22505454018,13,28.83022724658136,0,0,0
49,53708.57865255059,20,52.80072456747989,0,1,0
65,131483.1038959669,16,40.58102833311245,0,0,0
31,95411.5485070291,12,57.81060641650421,1,2,1
55,65884.60544880635,3,38.10351552038501,1,3,1
18,87934.95791377687,6,59.96860575795223,1,4,1
49,94366.32363800913,6,6.955555907827533,1,1,0
42,25069.481634738506,15,1.7973048960647715,0,1,0
66,46693.28203188397,14,19.033261313334823,0,3,1
26,26806.15262437141,17,20.84722968077165,1,2,0
50,29330.854809446693,7,45.47232392065809,0,2,0
49,87244.97733740922,13,24.027437285553457,1,3,1
58,20175.97134301086,5,31.687956019296408,1,1,0
35,134345.6411436988,6,3.189685877775834,1,4,1
40,33711.580994361975,16,11.79069013105145,1,4,0
35,51093.413548070326,11,59.00081727727441,1,3,1
23,81595.27769173306,8,31.94553387891961,1,1,1
69,21638.97759684868,4,18.51684478181453,1,2,0
42,42778.83037375756,17,59.98534224231362,0,3,0
70,86446.78810083987,2,27.1783853747504,1,2,0
46,123247.38613142273,16,4.546404808625354,0,0,0
60,54492.39788221071,14,18.10556099534869,0,4,0
34,121447.51539089462,17,58.37882724238606,0,5,1
40,127575.82158351876,2,35.550645902530924,0,0,0
39,136812.8786077291,3,12.526178690067894,0,5,0
46,50866.35088872482,19,59.7415245177397,1,0,1
65,28964.542126334756,10,18.168963984315123,1,0,0
62,119959.96167399333,4,30.08088084949156,0,5,0
36,52616.09593984332,15,18.27595913749296,1,5,0
52,78281.47719802489,6,47.98085529362526,1,0,1
68,85400.91360137874,5,27.49592016789069,0,5,0
36,130992.03982160673,16,50.00751011647927,0,1,1
61,134267.25703669473,16,7.962355570543117,0,1,0
39,22203.19643564553,3,37.358198310506125,0,4,0
24,94343.39525953426,2,40.19602262973525,1,2,1
51,28119.48717047929,13,26.98207915848743,0,1,0
26,98453.39665753912,7,37.05734986946352,0,0,1
52,142725.47219730171,15,12.36877458688511,1,5,1
61,85342.06154191696,9,28.59717184710515,0,3,0
42,25934.336915309887,10,22.794078702851717,1,4,0
66,48478.94518324151,10,1.926058430180499,0,3,0
18,34941.28961774369,4,51.11840136578476,0,1,0
66,60536.09730108375,16,55.95726056320416,1,0,1
55,105042.69819162968,6,38.23590464564185,0,5,1
54,47391.64530273641,15,53.26940475216208,1,4,1
25,111342.39050111712,18,44.992071618709616,0,2,1
40,91234.73356658008,10,50.46557864743921,0,1,0
56,95610.89808859516,5,35.65351968333865,0,1,0
47,104216.2679787687,13,56.84931579392198,1,4,1
66,77089.47616238728,3,51.09358179153721,1,2,0
26,103707.552960347,17,12.223447918388116,1,3,1
67,102703.05741207024,19,11.192648618526384,0,3,0
22,34919.95334299827,15,25.007007452047045,0,3,0
60,131349.8390872305,12,36.54402548182512,1,3,1
20,121499.00618889718,12,21.240052218659383,1,0,1
56,48679.553852457466,17,10.110529694813566,0,3,0
24,146187.95090326673,13,39.5905756243891,1,1,0
49,87170.79007941482,3,11.35920688044236,0,0,0
38,41703.90153713583,9,57.627243399825176,0,4,1
29,75955.56334172873,17,2.6207631882661064,0,4,1
42,68609.73611166577,12,23.39636203045161,1,5,1
45,135727.95034270268,14,40.91185646605225,1,0,1
66,41090.34275172232,3,16.37983430669502,0,5,0
46,118054.44653511296,6,1.2422659709494588,0,2,0
66,84161.05544421542,12,53.746424677091554,0,0,0
25,79539.44867046429,1,4.368590870083152,0,2,0
68,111501.42191246306,9,38.01153408360549,0,2,0
68,55711.49595622596,15,22.18104531667656,0,5,0
50,144881.50681671596,10,36.84083348060558,1,5,1
40,36414.41640338536,8,48.522510699394616,0,5,0
49,66513.77449230744,0,46.02585340698811,0,2,0
34,134420.37592979305,15,19.72005004277841,0,3,1
18,99007.77589285394,10,16.263599149132915,0,3,1
23,129674.45632673708,14,39.1355416152957,0,4,1
18,80939.83551038576,12,54.96697905988637,0,4,1
50,57327.93455099482,20,30.65517682165396,1,3,1
49,21612.524716050924,3,8.506268329283632,0,3,0
21,58640.91500212024,17,3.244901520295364,1,5,1
63,79701.18408760455,7,44.77932466090586,0,4,1
43,57392.25477567816,10,41.15344364028219,0,0,0
53,55997.58335911516,17,13.401326154411937,1,1,0
45,120618.87915985912,12,17.93222116882105,1,5,1
40,75588.17338143385,11,2.061299762770872,1,1,0
60,84072.39597816806,4,23.197533323310275,0,2,0
29,96782.9184193029,6,48.75622181930608,0,5,1
68,21910.140525144,10,27.688829270244256,1,1,0
54,63075.1109233966,14,53.06214200018352,0,4,1
31,79500.94867070823,16,43.15917841949622,0,2,1
49,118377.69573952256,19,7.829842728533153,1,5,1
21,71115.37613362989,10,36.259178265015166,0,4,1
22,51251.8586761559,4,46.09084428609433,0,0,0
60,76259.69434790415,4,5.111751107077058,0,3,0
66,23405.572109168425,2,38.29508719302344,1,4,0
18,37124.74054909305,19,13.847173585207296,1,3,1
20,123037.36511748984,10,48.13796516223066,0,2,1
55,29911.09833656338,15,34.0233287197705,0,5,0
42,100218.64709531415,7,55.31706006593577,1,3,1
35,137813.0954677348,13,43.438735932481706,0,5,1
45,23275.14381469982,19,12.837293318647834,1,3,0
51,22848.73274075117,11,49.936303355604814,1,3,0
55,95460.78812918048,20,48.540071179306544,0,5,1
65,141786.92006430193,11,56.08124690439468,0,1,0
52,105978.17943915389,8,54.78634190880005,0,4,1
25,114048.21632050013,8,24.864972802662656,0,3,1
32,48084.96372624795,16,49.19652708074593,1,2,1
35,126987.89465542976,6,44.66105020933456,0,3,0
25,44363.55273268569,4,7.011613484321616,1,1,0
19,49954.16607525549,20,6.822428437835316,0,2,0
57,56722.23671701347,1,7.736843033990797,1,1,0
50,74383.40233329641,13,52.09536825015686,0,2,0
22,69652.15315487646,2,13.131667774261125,0,1,0
56,65346.66941603231,1,42.76851402865969,0,3,0
25,45905.14374068411,20,41.711523612498624,0,1,0
38,144269.4477641915,17,34.15493848960112,0,4,1
50,52625.66597423874,13,25.348016654369804,1,4,1
62,122297.44021318835,12,20.01716464369607,0,3,0
64,55242.51298932855,0,56.05158153090256,0,5,1
54,67832.29766927098,17,59.32093858472148,0,1,0
51,96466.29470329075,3,39.81901966111593,1,3,1
28,55151.12722998832,17,34.01739448303871,1,0,1
42,74762.24692822936,15,21.37060857136613,0,2,0
46,68222.33106050947,4,48.6446390684816,1,5,1
33,109256.68875403889,4,48.7528031217798,0,5,1
42,123123.97555697308,6,49.27058928654028,0,1,0
46,52107.24387935997,10,36.05404709717553,0,5,1
58,28497.60048337008,11,28.328766742226307,0,0,0
41,139958.43476674127,18,32.81227369130434,0,3,1
37,112875.14132926147,1,20.06846074158527,0,1,0
56,25612.58565361152,12,27.452441760953384,0,3,0
41,116615.11583510845,19,32.15601677499265,0,1,0
63,144383.9760129572,20,52.21003187812574,1,0,1
24,76365.76304223987,4,22.77026914680763,1,3,1
42,133175.19525598089,15,5.759516276079465,0,5,0
18,37122.953715282165,5,51.4128499079388,1,5,1
26,77709.52908582913,1,27.406627079970352,1,1,1
25,146360.69285209983,7,57.77056169684074,0,1,1
62,97786.47295870863,9,27.76079576729531,0,1,0
28,91055.02846419832,20,47.96194028643584,1,3,1
25,99811.36601880802,4,13.38516469913504,0,4,0
23,21434.064375724138,18,52.30737100620344,0,2,0
35,89415.77143120929,15,1.6225465721381322,0,2,0
47,54762.26362148037,9,53.36497255585841,1,4,1
31,78472.00434677192,5,36.73947010073513,1,4,1
69,120245.96606074524,13,33.5869683450824,0,2,0
29,64518.237248512734,6,54.11842213489496,0,1,1
23,75968.81400008698,11,31.0242300552805,0,1,1
68,102507.2655230124,6,52.12061273169345,0,1,0
67,23792.06927388438,15,28.64750679716908,1,5,0
47,49291.20089366056,13,1.2872360516746904,0,4,0
27,127821.3064316501,11,31.633211501604148,1,0,1
31,82515.71905839117,1,35.88676778647144,1,1,1
66,99768.5348508696,3,29.95780777481453,1,1,0
32,90421.62561330052,15,58.75625381107409,0,0,1
54,60542.30152919482,6,43.42214714661058,0,4,1
66,33767.75457248849,3,54.26692911512191,0,0,1
43,147555.02879133506,17,52.52534152220597,0,5,1
37,105404.17031472814,1,27.04873147358932,0,4,0
49,138198.62676200282,19,58.12432161091142,0,1,0
37,38292.498646338594,9,49.3348185140428,0,0,0
28,59880.95793787835,6,51.67165342144136,1,3,1
34,46489.63968659958,19,58.98874695346981,1,4,1
58,103739.39879186908,10,20.24025734168881,1,4,1
49,21213.11057752213,11,18.67382285727894,0,3,0
26,128438.79761008786,3,7.0714002121780375,0,1,0
50,53620.70853544504,7,54.04241497631955,1,5,1
25,111148.14727427156,17,51.140713671224425,1,1,1
58,62665.0579692105,7,43.18221658955485,0,2,0
39,32791.43446274165,18,1.137080961783886,0,1,0
46,95978.35826846538,20,16.30458458930938,0,0,1
38,94558.76368922452,19,43.90883975669361,0,0,1
55,25686.07940016316,15,23.929225790819064,0,3,0
49,135205.45146045968,20,6.459184707636429,0,0,0
35,20996.324244399293,0,15.22279640554746,0,4,0
50,81923.64532914283,5,33.09776795237996,0,4,0
45,46322.472821480864,11,46.43125247889389,0,2,0
57,31518.05585835024,5,54.70278264303202,0,4,0
49,105342.21895309536,19,27.689638793187644,0,3,0
56,61794.441162224655,20,53.1083901224929,0,2,0
23,39149.39575626615,2,26.425538854581287,0,4,0
33,53837.29148358039,16,18.611092786422837,1,4,1
18,59728.54801372794,14,44.32665208478245,1,1,1
31,35780.23436072284,20,14.162093737209515,1,0,0
43,48046.28829293903,5,29.53911611105208,1,0,0
53,135718.3478614819,3,43.73879500388463,0,1,0
38,23355.547903433308,12,51.64149547507456,0,5,1
20,134117.9101597653,10,31.6936856697375,0,4,1
41,27063.164526977496,8,4.8820948499191,0,0,0
54,30682.316771935555,18,28.01049102099319,1,2,0
45,112826.85403915647,3,24.12788458945976,0,0,0
24,63426.49553694,5,46.15096092290046,1,3,1
37,84773.23869424897,2,8.540898817262581,0,2,0
49,98244.60665272188,14,31.37226986105493,1,5,1
33,92992.99643473807,11,29.504944088364468,0,3,1
26,138229.09942184144,12,54.45512519161743,0,1,1
65,57988.36996004671,5,49.279730056923526,0,3,0
50,24024.25281951466,11,22.409083202711106,0,5,0
45,71689.60921187318,19,23.581022287748507,1,3,0
57,132061.88269544093,19,31.33939366469268,1,0,1
36,44907.08294552735,19,47.6084955009896,0,1,0
30,55902.04251671693,19,25.26848712954297,0,4,1
46,32041.312796677736,16,51.422522521520186,0,2,0
64,64250.32355308574,12,19.609567084262327,0,5,0
28,39105.15224646726,10,36.97165461372451,0,4,1
22,104911.1627690668,6,27.393682391331915,0,3,1
34,58300.52152500511,17,9.10089913335466,1,1,1
70,40803.24174021522,3,51.067786562028,0,5,0
47,58009.8043535851,1,8.994176616801843,0,4,0
48,61203.05641284551,13,24.81392782092393,0,3,0
32,43609.81580835834,12,40.32502407533764,1,5,1
56,21317.05392360664,7,24.050918688955974,0,4,0
22,58834.3245665405,10,45.03876997058109,0,2,1
22,117323.880436406,18,42.65313069699829,1,1,1
44,75891.04006071926,19,12.243986744514435,1,5,1
26,144157.86649304855,18,7.185309085153488,0,1,0
21,82574.73971259207,9,24.667730200016056,0,0,0
39,75573.65942967997,12,49.08590368389274,1,3,1
31,99300.96422033316,19,19.82359186249564,0,0,1
70,126922.47327246692,12,41.176244192811,1,4,1
42,35626.93978567491,19,54.63469003090716,1,0,0
22,69899.05479584733,19,3.7862677131905342,1,0,1
20,22001.3359198701,7,23.36134415751377,0,4,1
22,29992.069785901254,1,26.42828448677424,1,4,0
48,129069.6526033414,7,43.19306983185936,0,5,1
61,137229.05897760508,16,57.06811381043469,1,5,1
36,87788.3731416944,14,37.39620060194572,0,1,1
21,68691.87531261577,17,32.9310221805066,1,4,1
50,87926.32354112649,19,41.6130998699058,0,4,1
